{
    "confidence_score": 0.7860468029975891,
    "ptm": 0.8661372661590576,
    "iptm": 0.833341658115387,
    "ligand_iptm": 0.833341658115387,
    "protein_iptm": 0.0,
    "complex_plddt": 0.7742230892181396,
    "complex_iplddt": 0.517069935798645,
    "complex_pde": 0.5904852151870728,
    "complex_ipde": 0.7453503012657166,
    "chains_ptm": {
        "0": 0.9080753922462463,
        "1": 0.9713250398635864,
        "2": 0.9619906544685364,
        "3": 0.9501329064369202
    },
    "pair_chains_iptm": {
        "0": {
            "0": 0.9080753922462463,
            "1": 0.4169836640357971,
            "2": 0.2923199236392975,
            "3": 0.21646633744239807
        },
        "1": {
            "0": 0.9264059066772461,
            "1": 0.9713250398635864,
            "2": 0.8225080966949463,
            "3": 0.5561798810958862
        },
        "2": {
            "0": 0.8323569893836975,
            "1": 0.8260846138000488,
            "2": 0.9619906544685364,
            "3": 0.7167969346046448
        },
        "3": {
            "0": 0.7182408571243286,
            "1": 0.7086190581321716,
            "2": 0.7856779098510742,
            "3": 0.9501329064369202
        }
    }
}