{
    "confidence_score": 0.9129638075828552,
    "ptm": 0.914553165435791,
    "iptm": 0.9035041928291321,
    "ligand_iptm": 0.9781583547592163,
    "protein_iptm": 0.0,
    "complex_plddt": 0.9153286814689636,
    "complex_iplddt": 0.9032220840454102,
    "complex_pde": 0.46954020857810974,
    "complex_ipde": 0.7480939626693726,
    "chains_ptm": {
        "0": 0.9152108430862427,
        "1": 0.9254537224769592,
        "2": 0.943682849407196
    },
    "pair_chains_iptm": {
        "0": {
            "0": 0.9152108430862427,
            "1": 0.8889338374137878,
            "2": 0.6825817227363586
        },
        "1": {
            "0": 0.8368304967880249,
            "1": 0.9254537224769592,
            "2": 0.8234975934028625
        },
        "2": {
            "0": 0.8924164175987244,
            "1": 0.9781583547592163,
            "2": 0.943682849407196
        }
    }
}