{
    "confidence_score": 0.9490249752998352,
    "ptm": 0.9649068713188171,
    "iptm": 0.9510996341705322,
    "ligand_iptm": 0.0,
    "protein_iptm": 0.9510996341705322,
    "complex_plddt": 0.948506236076355,
    "complex_iplddt": 0.9564718008041382,
    "complex_pde": 0.2995818257331848,
    "complex_ipde": 0.40491166710853577,
    "chains_ptm": {
        "0": 0.984838604927063,
        "1": 0.9835801720619202,
        "2": 0.9888958930969238
    },
    "pair_chains_iptm": {
        "0": {
            "0": 0.984838604927063,
            "1": 0.9702818393707275,
            "2": 0.922006368637085
        },
        "1": {
            "0": 0.9695059657096863,
            "1": 0.9835801720619202,
            "2": 0.8929653167724609
        },
        "2": {
            "0": 0.9717857837677002,
            "1": 0.9150446057319641,
            "2": 0.9888958930969238
        }
    }
}
