{
    "confidence_score": 0.6918864250183105,
    "ptm": 0.7230656147003174,
    "iptm": 0.0,
    "ligand_iptm": 0.0,
    "protein_iptm": 0.0,
    "complex_plddt": 0.6840916275978088,
    "complex_iplddt": 0.6840916275978088,
    "complex_pde": 1.5355963706970215,
    "complex_ipde": 0.0,
    "chains_ptm": {
        "0": 0.7230656147003174
    },
    "pair_chains_iptm": {
        "0": {
            "0": 0.7230656147003174
        }
    }
}