{
    "confidence_score": 0.8585661053657532,
    "ptm": 0.8213076591491699,
    "iptm": 0.7343122959136963,
    "ligand_iptm": 0.0,
    "protein_iptm": 0.7343122959136963,
    "complex_plddt": 0.8896294832229614,
    "complex_iplddt": 0.859859824180603,
    "complex_pde": 0.7289404273033142,
    "complex_ipde": 4.771097183227539,
    "chains_ptm": {
        "0": 0.9680423736572266,
        "1": 0.9741056561470032,
        "2": 0.9627662301063538
    },
    "pair_chains_iptm": {
        "0": {
            "0": 0.9680423736572266,
            "1": 0.9444031715393066,
            "2": 0.3388005495071411
        },
        "1": {
            "0": 0.947793185710907,
            "1": 0.9741056561470032,
            "2": 0.2969582676887512
        },
        "2": {
            "0": 0.3572029173374176,
            "1": 0.3544175922870636,
            "2": 0.9627662301063538
        }
    }
}