{
    "confidence_score": 0.9778515100479126,
    "ptm": 0.9695158004760742,
    "iptm": 0.0,
    "ligand_iptm": 0.0,
    "protein_iptm": 0.0,
    "complex_plddt": 0.9799354672431946,
    "complex_iplddt": 0.9799354672431946,
    "complex_pde": 0.29997459053993225,
    "complex_ipde": 0.0,
    "chains_ptm": {
        "0": 0.9695158004760742
    },
    "pair_chains_iptm": {
        "0": {
            "0": 0.9695158004760742
        }
    }
}